biolog,Source,Carbon,Nitrogen,Phosphorus,Sulfur,Note* from JoonHoon RTO biolog
PM1_A1,Carbon,,,,,
PM1_A2,Carbon,EX_arab__L_e,EX_nh4_e,EX_pi_e,EX_so4_e,
PM1_A3,Carbon,EX_acgam_e,EX_nh4_e,EX_pi_e,EX_so4_e,
PM1_A4,Carbon,EX_glcr_e,EX_nh4_e,EX_pi_e,EX_so4_e,
PM1_A5,Carbon,EX_succ_e,EX_nh4_e,EX_pi_e,EX_so4_e,
PM1_A6,Carbon,EX_gal_e,EX_nh4_e,EX_pi_e,EX_so4_e,
PM1_A7,Carbon,EX_asp__L_e,EX_nh4_e,EX_pi_e,EX_so4_e,
PM1_A8,Carbon,EX_pro__L_e,EX_nh4_e,EX_pi_e,EX_so4_e,
PM1_A9,Carbon,EX_ala__D_e,EX_nh4_e,EX_pi_e,EX_so4_e,
PM1_A10,Carbon,EX_tre_e,EX_nh4_e,EX_pi_e,EX_so4_e,
PM1_A11,Carbon,EX_man_e,EX_nh4_e,EX_pi_e,EX_so4_e,
PM1_A12,Carbon,EX_galt_e,EX_nh4_e,EX_pi_e,EX_so4_e,
PM1_B1,Carbon,EX_ser__D_e,EX_nh4_e,EX_pi_e,EX_so4_e,
PM1_B2,Carbon,EX_sbt__D_e,EX_nh4_e,EX_pi_e,EX_so4_e,
PM1_B3,Carbon,EX_glyc_e,EX_nh4_e,EX_pi_e,EX_so4_e,
PM1_B4,Carbon,EX_fuc__L_e,EX_nh4_e,EX_pi_e,EX_so4_e,
PM1_B5,Carbon,EX_glcur_e,EX_nh4_e,EX_pi_e,EX_so4_e,
PM1_B6,Carbon,EX_glcn_e,EX_nh4_e,EX_pi_e,EX_so4_e,
PM1_B7,Carbon,EX_glyc3p_e,EX_nh4_e,EX_pi_e,EX_so4_e,
PM1_B8,Carbon,EX_xyl__D_e,EX_nh4_e,EX_pi_e,EX_so4_e,
PM1_B9,Carbon,EX_lac__L_e,EX_nh4_e,EX_pi_e,EX_so4_e,
PM1_B10,Carbon,EX_for_e,EX_nh4_e,EX_pi_e,EX_so4_e,
PM1_B11,Carbon,EX_mnl_e,EX_nh4_e,EX_pi_e,EX_so4_e,
PM1_B12,Carbon,EX_glu__L_e,EX_nh4_e,EX_pi_e,EX_so4_e,
PM1_C1,Carbon,EX_g6p_e,EX_nh4_e,EX_pi_e,EX_so4_e,
PM1_C2,Carbon,EX_galctn__D_e,EX_nh4_e,EX_pi_e,EX_so4_e,
PM1_C3,Carbon,"EX_mal__D_e,EX_mal__L_e",EX_nh4_e,EX_pi_e,EX_so4_e,
PM1_C4,Carbon,EX_rib__D_e,EX_nh4_e,EX_pi_e,EX_so4_e,
PM1_C5,Carbon,,,,,
PM1_C6,Carbon,EX_rmn_e,EX_nh4_e,EX_pi_e,EX_so4_e,
PM1_C7,Carbon,EX_fru_e,EX_nh4_e,EX_pi_e,EX_so4_e,
PM1_C8,Carbon,EX_ac_e,EX_nh4_e,EX_pi_e,EX_so4_e,
PM1_C9,Carbon,EX_glc__D_e,EX_nh4_e,EX_pi_e,EX_so4_e,
PM1_C10,Carbon,EX_malt_e,EX_nh4_e,EX_pi_e,EX_so4_e,
PM1_C11,Carbon,EX_melib_e,EX_nh4_e,EX_pi_e,EX_so4_e,
PM1_C12,Carbon,EX_thymd_e,EX_nh4_e,EX_pi_e,EX_so4_e,
PM1_D1,Carbon,EX_asn__L_e,EX_nh4_e,EX_pi_e,EX_so4_e,
PM1_D2,Carbon,EX_asp__D_e,EX_nh4_e,EX_pi_e,EX_so4_e,
PM1_D3,Carbon,,,,,
PM1_D4,Carbon,EX_12ppd__S_e,EX_nh4_e,EX_pi_e,EX_so4_e,
PM1_D5,Carbon,,,,,
PM1_D6,Carbon,EX_akg_e,EX_nh4_e,EX_pi_e,EX_so4_e,
PM1_D7,Carbon,EX_2obut_e,EX_nh4_e,EX_pi_e,EX_so4_e,new
PM1_D8,Carbon,,,,,
PM1_D9,Carbon,EX_lcts_e,EX_nh4_e,EX_pi_e,EX_so4_e,
PM1_D10,Carbon,,,,,
PM1_D11,Carbon,EX_sucr_e,EX_nh4_e,EX_pi_e,EX_so4_e,
PM1_D12,Carbon,EX_uri_e,EX_nh4_e,EX_pi_e,EX_so4_e,
PM1_E1,Carbon,EX_gln__L_e,EX_nh4_e,EX_pi_e,EX_so4_e,
PM1_E2,Carbon,EX_tartr__M_e,EX_nh4_e,EX_pi_e,EX_so4_e,
PM1_E3,Carbon,EX_g1p_e,EX_nh4_e,EX_pi_e,EX_so4_e,
PM1_E4,Carbon,EX_f6p_e,EX_nh4_e,EX_pi_e,EX_so4_e,
PM1_E5,Carbon,,,,,
PM1_E6,Carbon,,,,,
PM1_E7,Carbon,EX_2hb_e,EX_nh4_e,EX_pi_e,EX_so4_e,"new, reactions in iMM904 enables growth, 2hb to 2obut by lld"
PM1_E8,Carbon,EX_mbdg_e,EX_nh4_e,EX_pi_e,EX_so4_e,new
PM1_E9,Carbon,EX_rbt_e,EX_nh4_e,EX_pi_e,EX_so4_e,"new, D-ribitol"
PM1_E10,Carbon,EX_malttr_e,EX_nh4_e,EX_pi_e,EX_so4_e,
PM1_E11,Carbon,EX_dad__2_e,EX_nh4_e,EX_pi_e,EX_so4_e,
PM1_E12,Carbon,EX_adn_e,EX_nh4_e,EX_pi_e,EX_so4_e,
PM1_F1,Carbon,"EX_gly_e,EX_asp__L_e",EX_nh4_e,EX_pi_e,EX_so4_e,also gly_asp__L
PM1_F2,Carbon,EX_cit_e,EX_nh4_e,EX_pi_e,EX_so4_e,
PM1_F3,Carbon,EX_inost_e,EX_nh4_e,EX_pi_e,EX_so4_e,
PM1_F4,Carbon,,,,,
PM1_F5,Carbon,EX_fum_e,EX_nh4_e,EX_pi_e,EX_so4_e,
PM1_F6,Carbon,,,,,
PM1_F7,Carbon,EX_ppa_e,EX_nh4_e,EX_pi_e,EX_so4_e,
PM1_F8,Carbon,EX_galct__D_e,EX_nh4_e,EX_pi_e,EX_so4_e,
PM1_F9,Carbon,EX_glyclt_e,EX_nh4_e,EX_pi_e,EX_so4_e,
PM1_F10,Carbon,EX_glx_e,EX_nh4_e,EX_pi_e,EX_so4_e,new
PM1_F11,Carbon,EX_cellb_e,EX_nh4_e,EX_pi_e,EX_so4_e,new
PM1_F12,Carbon,EX_ins_e,EX_nh4_e,EX_pi_e,EX_so4_e,
PM1_G1,Carbon,"EX_gly_e,EX_glu__L_e",EX_nh4_e,EX_pi_e,EX_so4_e,"also gly_glu__L, glyglu"
PM1_G2,Carbon,EX_tcb_e,EX_nh4_e,EX_pi_e,EX_so4_e,
PM1_G3,Carbon,EX_ser__L_e,EX_nh4_e,EX_pi_e,EX_so4_e,
PM1_G4,Carbon,EX_thr__L_e,EX_nh4_e,EX_pi_e,EX_so4_e,
PM1_G5,Carbon,EX_ala__L_e,EX_nh4_e,EX_pi_e,EX_so4_e,
PM1_G6,Carbon,"EX_ala__L_e,EX_gly_e",EX_nh4_e,EX_pi_e,EX_so4_e,"also alagly, L_alagly"
PM1_G7,Carbon,EX_acac_e,EX_nh4_e,EX_pi_e,EX_so4_e,
PM1_G8,Carbon,EX_acmana_e,EX_nh4_e,EX_pi_e,EX_so4_e,
PM1_G9,Carbon,EX_methsucc_e,EX_nh4_e,EX_pi_e,EX_so4_e,new
PM1_G10,Carbon,,,,,
PM1_G11,Carbon,EX_mal__D_e,EX_nh4_e,EX_pi_e,EX_so4_e,
PM1_G12,Carbon,EX_mal__L_e,EX_nh4_e,EX_pi_e,EX_so4_e,
PM1_H1,Carbon,"EX_gly_e,EX_pro__L_e",EX_nh4_e,EX_pi_e,EX_so4_e,"also gly_pro_L, glypro"
PM1_H2,Carbon,EX_4hoxpac_e,EX_nh4_e,EX_pi_e,EX_so4_e,new
PM1_H3,Carbon,EX_3hoxpac_e,EX_nh4_e,EX_pi_e,EX_so4_e,new
PM1_H4,Carbon,EX_tym_e,EX_nh4_e,EX_pi_e,EX_so4_e,
PM1_H5,Carbon,,,,,
PM1_H6,Carbon,EX_lyx__L_e,EX_nh4_e,EX_pi_e,EX_so4_e,
PM1_H7,Carbon,,,,,
PM1_H8,Carbon,EX_pyr_e,EX_nh4_e,EX_pi_e,EX_so4_e,
PM1_H9,Carbon,EX_galctn__L_e,EX_nh4_e,EX_pi_e,EX_so4_e,
PM1_H10,Carbon,EX_galur_e,EX_nh4_e,EX_pi_e,EX_so4_e,
PM1_H11,Carbon,EX_peamn_e,EX_nh4_e,EX_pi_e,EX_so4_e,
PM1_H12,Carbon,EX_etha_e,EX_nh4_e,EX_pi_e,EX_so4_e,
PM2_A1,Carbon,,,,,
PM2_A2,Carbon,,,,,
PM2_A3,Carbon,,,,,
PM2_A4,Carbon,,,,,
PM2_A5,Carbon,,,,,
PM2_A6,Carbon,EX_dextrin_e,EX_nh4_e,EX_pi_e,EX_so4_e,new
PM2_A7,Carbon,,,,,
PM2_A8,Carbon,EX_glycogen_e,EX_nh4_e,EX_pi_e,EX_so4_e,
PM2_A9,Carbon,,,,,
PM2_A10,Carbon,,,,,
PM2_A11,Carbon,EX_mannan_e,EX_nh4_e,EX_pi_e,EX_so4_e,
PM2_A12,Carbon,EX_pect_e,EX_nh4_e,EX_pi_e,EX_so4_e,"new, also pectin"
PM2_B1,Carbon,EX_acgal_e,EX_nh4_e,EX_pi_e,EX_so4_e,
PM2_B2,Carbon,EX_acnam_e,EX_nh4_e,EX_pi_e,EX_so4_e,
PM2_B3,Carbon,EX_all__D_e,EX_nh4_e,EX_pi_e,EX_so4_e,
PM2_B4,Carbon,,,,,
PM2_B5,Carbon,EX_arab__D_e,EX_nh4_e,EX_pi_e,EX_so4_e,new
PM2_B6,Carbon,EX_abt__D_e,EX_nh4_e,EX_pi_e,EX_so4_e,new
PM2_B7,Carbon,EX_abt_e,EX_nh4_e,EX_pi_e,EX_so4_e,new
PM2_B8,Carbon,EX_arbt_e,EX_nh4_e,EX_pi_e,EX_so4_e,
PM2_B9,Carbon,EX_drib_e,EX_nh4_e,EX_pi_e,EX_so4_e,new
PM2_B10,Carbon,,,,,
PM2_B11,Carbon,,,,,
PM2_B12,Carbon,,,,,
PM2_C1,Carbon,,,,,
PM2_C2,Carbon,,,,,
PM2_C3,Carbon,,,,,
PM2_C4,Carbon,,,,,
PM2_C5,Carbon,,,,,
PM2_C6,Carbon,,,,,
PM2_C7,Carbon,,,,,
PM2_C8,Carbon,,,,,
PM2_C9,Carbon,,,,,
PM2_C10,Carbon,,,,,
PM2_C11,Carbon,,,,,
PM2_C12,Carbon,,,,,
PM2_D1,Carbon,,,,,
PM2_D2,Carbon,EX_salcn_e,EX_nh4_e,EX_pi_e,EX_so4_e,"new, beta-glucosidase releases glucose and salicyl alcohol"
PM2_D3,Carbon,,,,,
PM2_D4,Carbon,EX_srb__L_e,EX_nh4_e,EX_pi_e,EX_so4_e,new
PM2_D5,Carbon,,,,,
PM2_D6,Carbon,EX_tag__D_e,EX_nh4_e,EX_pi_e,EX_so4_e,new
PM2_D7,Carbon,,,,,
PM2_D8,Carbon,EX_xylt_e,EX_nh4_e,EX_pi_e,EX_so4_e,new
PM2_D9,Carbon,,,,,
PM2_D10,Carbon,EX_4abut_e,EX_nh4_e,EX_pi_e,EX_so4_e,
PM2_D11,Carbon,,,,,
PM2_D12,Carbon,EX_but_e,EX_nh4_e,EX_pi_e,EX_so4_e,
PM2_E1,Carbon,EX_dca_e,EX_nh4_e,EX_pi_e,EX_so4_e,
PM2_E2,Carbon,EX_hxa_e,EX_nh4_e,EX_pi_e,EX_so4_e,
PM2_E3,Carbon,EX_citac_e,EX_nh4_e,EX_pi_e,EX_so4_e,
PM2_E4,Carbon,EX_citm_e,EX_nh4_e,EX_pi_e,EX_so4_e,
PM2_E5,Carbon,EX_gam_e,EX_nh4_e,EX_pi_e,EX_so4_e,new
PM2_E6,Carbon,,,,,
PM2_E7,Carbon,EX_4hbz_e,EX_nh4_e,EX_pi_e,EX_so4_e,new
PM2_E8,Carbon,EX_bhb_e,EX_nh4_e,EX_pi_e,EX_so4_e,new
PM2_E9,Carbon,EX_ghb_e,EX_nh4_e,EX_pi_e,EX_so4_e,"new, also 4ohbut"
PM2_E10,Carbon,,,,,
PM2_E11,Carbon,EX_itacon_e,EX_nh4_e,EX_pi_e,EX_so4_e,
PM2_E12,Carbon,EX_5dglcn_e,EX_nh4_e,EX_pi_e,EX_so4_e,
PM2_F1,Carbon,,,,,
PM2_F2,Carbon,EX_malon_e,EX_nh4_e,EX_pi_e,EX_so4_e,
PM2_F3,Carbon,,,,,
PM2_F4,Carbon,EX_oxa_e,EX_nh4_e,EX_pi_e,EX_so4_e,new
PM2_F5,Carbon,,,,,
PM2_F6,Carbon,EX_quin_e,EX_nh4_e,EX_pi_e,EX_so4_e,
PM2_F7,Carbon,,,,,
PM2_F8,Carbon,,,,,
PM2_F9,Carbon,,,,,
PM2_F10,Carbon,,,,,
PM2_F11,Carbon,EX_tartr__D_e,EX_nh4_e,EX_pi_e,EX_so4_e,
PM2_F12,Carbon,EX_tartr__L_e,EX_nh4_e,EX_pi_e,EX_so4_e,
PM2_G1,Carbon,EX_ad_e,EX_nh4_e,EX_pi_e,EX_so4_e,
PM2_G2,Carbon,,,,,
PM2_G3,Carbon,EX_acglu_e,EX_nh4_e,EX_pi_e,EX_so4_e,
PM2_G4,Carbon,EX_arg__L_e,EX_nh4_e,EX_pi_e,EX_so4_e,
PM2_G5,Carbon,EX_gly_e,EX_nh4_e,EX_pi_e,EX_so4_e,
PM2_G6,Carbon,EX_his__L_e,EX_nh4_e,EX_pi_e,EX_so4_e,
PM2_G7,Carbon,EX_hom__L_e,EX_nh4_e,EX_pi_e,EX_so4_e,
PM2_G8,Carbon,,,,,
PM2_G9,Carbon,EX_ile__L_e,EX_nh4_e,EX_pi_e,EX_so4_e,
PM2_G10,Carbon,EX_leu__L_e,EX_nh4_e,EX_pi_e,EX_so4_e,
PM2_G11,Carbon,EX_lys__L_e,EX_nh4_e,EX_pi_e,EX_so4_e,
PM2_G12,Carbon,EX_met__L_e,EX_nh4_e,EX_pi_e,EX_so4_e,
PM2_H1,Carbon,EX_orn_e,EX_nh4_e,EX_pi_e,EX_so4_e,
PM2_H2,Carbon,EX_phe__L_e,EX_nh4_e,EX_pi_e,EX_so4_e,
PM2_H3,Carbon,,,,,
PM2_H4,Carbon,EX_val__L_e,EX_nh4_e,EX_pi_e,EX_so4_e,
PM2_H5,Carbon,"EX_crn__D_e,EX_crn_e",EX_nh4_e,EX_pi_e,EX_so4_e,
PM2_H6,Carbon,,,,,
PM2_H7,Carbon,,,,,
PM2_H8,Carbon,EX_ptrc_e,EX_nh4_e,EX_pi_e,EX_so4_e,
PM2_H9,Carbon,EX_dha_e,EX_nh4_e,EX_pi_e,EX_so4_e,
PM2_H10,Carbon,EX_btd_RR_e,EX_nh4_e,EX_pi_e,EX_so4_e,
PM2_H11,Carbon,,,,,
PM2_H12,Carbon,,,,,
PM3B_A1,Nitrogen,,,,,
PM3B_A2,Nitrogen,EX_pyr_e,EX_nh4_e,EX_pi_e,EX_so4_e,
PM3B_A3,Nitrogen,EX_pyr_e,EX_no2_e,EX_pi_e,EX_so4_e,
PM3B_A4,Nitrogen,EX_pyr_e,EX_no3_e,EX_pi_e,EX_so4_e,
PM3B_A5,Nitrogen,EX_pyr_e,EX_urea_e,EX_pi_e,EX_so4_e,
PM3B_A6,Nitrogen,,,,,
PM3B_A7,Nitrogen,EX_pyr_e,EX_ala__L_e,EX_pi_e,EX_so4_e,
PM3B_A8,Nitrogen,EX_pyr_e,EX_arg__L_e,EX_pi_e,EX_so4_e,
PM3B_A9,Nitrogen,EX_pyr_e,EX_asn__L_e,EX_pi_e,EX_so4_e,
PM3B_A10,Nitrogen,EX_pyr_e,EX_asp__L_e,EX_pi_e,EX_so4_e,
PM3B_A11,Nitrogen,EX_pyr_e,EX_cys__L_e,EX_pi_e,EX_so4_e,
PM3B_A12,Nitrogen,EX_pyr_e,EX_glu__L_e,EX_pi_e,EX_so4_e,
PM3B_B1,Nitrogen,EX_pyr_e,EX_gln__L_e,EX_pi_e,EX_so4_e,
PM3B_B2,Nitrogen,EX_pyr_e,EX_gly_e,EX_pi_e,EX_so4_e,
PM3B_B3,Nitrogen,EX_pyr_e,EX_his__L_e,EX_pi_e,EX_so4_e,
PM3B_B4,Nitrogen,EX_pyr_e,EX_ile__L_e,EX_pi_e,EX_so4_e,
PM3B_B5,Nitrogen,EX_pyr_e,EX_leu__L_e,EX_pi_e,EX_so4_e,
PM3B_B6,Nitrogen,EX_pyr_e,EX_lys__L_e,EX_pi_e,EX_so4_e,
PM3B_B7,Nitrogen,EX_pyr_e,EX_met__L_e,EX_pi_e,EX_so4_e,
PM3B_B8,Nitrogen,EX_pyr_e,EX_phe__L_e,EX_pi_e,EX_so4_e,
PM3B_B9,Nitrogen,EX_pyr_e,EX_pro__L_e,EX_pi_e,EX_so4_e,
PM3B_B10,Nitrogen,EX_pyr_e,EX_ser__L_e,EX_pi_e,EX_so4_e,
PM3B_B11,Nitrogen,EX_pyr_e,EX_thr__L_e,EX_pi_e,EX_so4_e,
PM3B_B12,Nitrogen,EX_pyr_e,EX_trp__L_e,EX_pi_e,EX_so4_e,
PM3B_C1,Nitrogen,EX_pyr_e,EX_tyr__L_e,EX_pi_e,EX_so4_e,
PM3B_C2,Nitrogen,EX_pyr_e,EX_val__L_e,EX_pi_e,EX_so4_e,
PM3B_C3,Nitrogen,EX_pyr_e,EX_ala__D_e,EX_pi_e,EX_so4_e,
PM3B_C4,Nitrogen,EX_pyr_e,EX_asn__D_e,EX_pi_e,EX_so4_e,
PM3B_C5,Nitrogen,EX_pyr_e,EX_asp__D_e,EX_pi_e,EX_so4_e,
PM3B_C6,Nitrogen,EX_pyr_e,EX_glu__D_e,EX_pi_e,EX_so4_e,
PM3B_C7,Nitrogen,EX_pyr_e,EX_lys__D_e,EX_pi_e,EX_so4_e,
PM3B_C8,Nitrogen,EX_pyr_e,EX_ser__D_e,EX_pi_e,EX_so4_e,
PM3B_C9,Nitrogen,EX_pyr_e,EX_val__D_e,EX_pi_e,EX_so4_e,
PM3B_C10,Nitrogen,EX_pyr_e,EX_citr__L_e,EX_pi_e,EX_so4_e,new
PM3B_C11,Nitrogen,EX_pyr_e,EX_hom__L_e,EX_pi_e,EX_so4_e,
PM3B_C12,Nitrogen,EX_pyr_e,EX_orn_e,EX_pi_e,EX_so4_e,
PM3B_D1,Nitrogen,EX_pyr_e,EX_acglu_e,EX_pi_e,EX_so4_e,
PM3B_D2,Nitrogen,,,,,
PM3B_D3,Nitrogen,,,,,
PM3B_D4,Nitrogen,EX_pyr_e,EX_ham_e,EX_pi_e,EX_so4_e,
PM3B_D5,Nitrogen,EX_pyr_e,EX_mma_e,EX_pi_e,EX_so4_e,
PM3B_D6,Nitrogen,,,,,
PM3B_D7,Nitrogen,,,,,
PM3B_D8,Nitrogen,,,,,
PM3B_D9,Nitrogen,EX_pyr_e,EX_etha_e,EX_pi_e,EX_so4_e,
PM3B_D10,Nitrogen,,,,,
PM3B_D11,Nitrogen,EX_pyr_e,EX_ptrc_e,EX_pi_e,EX_so4_e,
PM3B_D12,Nitrogen,EX_pyr_e,EX_agm_e,EX_pi_e,EX_so4_e,
PM3B_E1,Nitrogen,EX_pyr_e,EX_hista_e,EX_pi_e,EX_so4_e,
PM3B_E2,Nitrogen,EX_pyr_e,EX_peamn_e,EX_pi_e,EX_so4_e,
PM3B_E3,Nitrogen,EX_pyr_e,EX_tym_e,EX_pi_e,EX_so4_e,
PM3B_E4,Nitrogen,EX_pyr_e,EX_ad_e,EX_pi_e,EX_so4_e,new
PM3B_E5,Nitrogen,EX_pyr_e,EX_frmd_e,EX_pi_e,EX_so4_e,new
PM3B_E6,Nitrogen,,,,,
PM3B_E7,Nitrogen,,,,,
PM3B_E8,Nitrogen,EX_pyr_e,EX_gam_e,EX_pi_e,EX_so4_e,
PM3B_E9,Nitrogen,EX_pyr_e,EX_galam_e,EX_pi_e,EX_so4_e,new
PM3B_E10,Nitrogen,,,,,
PM3B_E11,Nitrogen,EX_pyr_e,EX_acgam_e,EX_pi_e,EX_so4_e,
PM3B_E12,Nitrogen,EX_pyr_e,EX_acgal_e,EX_pi_e,EX_so4_e,
PM3B_F1,Nitrogen,EX_pyr_e,EX_acmana_e,EX_pi_e,EX_so4_e,
PM3B_F2,Nitrogen,EX_pyr_e,EX_ade_e,EX_pi_e,EX_so4_e,
PM3B_F3,Nitrogen,EX_pyr_e,EX_adn_e,EX_pi_e,EX_so4_e,
PM3B_F4,Nitrogen,EX_pyr_e,EX_cytd_e,EX_pi_e,EX_so4_e,
PM3B_F5,Nitrogen,EX_pyr_e,EX_csn_e,EX_pi_e,EX_so4_e,
PM3B_F6,Nitrogen,EX_pyr_e,EX_gua_e,EX_pi_e,EX_so4_e,
PM3B_F7,Nitrogen,EX_pyr_e,EX_gsn_e,EX_pi_e,EX_so4_e,
PM3B_F8,Nitrogen,EX_pyr_e,EX_thym_e,EX_pi_e,EX_so4_e,
PM3B_F9,Nitrogen,EX_pyr_e,EX_thymd_e,EX_pi_e,EX_so4_e,
PM3B_F10,Nitrogen,EX_pyr_e,EX_ura_e,EX_pi_e,EX_so4_e,
PM3B_F11,Nitrogen,EX_pyr_e,EX_uri_e,EX_pi_e,EX_so4_e,
PM3B_F12,Nitrogen,EX_pyr_e,EX_ins_e,EX_pi_e,EX_so4_e,
PM3B_G1,Nitrogen,EX_pyr_e,EX_xan_e,EX_pi_e,EX_so4_e,
PM3B_G2,Nitrogen,EX_pyr_e,EX_xtsn_e,EX_pi_e,EX_so4_e,
PM3B_G3,Nitrogen,EX_pyr_e,EX_urate_e,EX_pi_e,EX_so4_e,new
PM3B_G4,Nitrogen,EX_pyr_e,EX_CE0074_e,EX_pi_e,EX_so4_e,new
PM3B_G5,Nitrogen,EX_pyr_e,EX_alltn_e,EX_pi_e,EX_so4_e,
PM3B_G6,Nitrogen,,,,,
PM3B_G7,Nitrogen,EX_pyr_e,EX_C02356_e,EX_pi_e,EX_so4_e,new
PM3B_G8,Nitrogen,EX_pyr_e,EX_4abut_e,EX_pi_e,EX_so4_e,
PM3B_G9,Nitrogen,,,,,
PM3B_G10,Nitrogen,,,,,
PM3B_G11,Nitrogen,,,,,
PM3B_G12,Nitrogen,,,,,
PM3B_H1,Nitrogen,EX_pyr_e,"EX_ala__L_e,EX_asp__L_e",EX_pi_e,EX_so4_e,also ala_L_asp__L
PM3B_H2,Nitrogen,EX_pyr_e,"EX_ala__L_e,EX_gln__L_e",EX_pi_e,EX_so4_e,"also ala_gln, ala_L_gln__L"
PM3B_H3,Nitrogen,EX_pyr_e,"EX_ala__L_e,EX_glu__L_e",EX_pi_e,EX_so4_e,also ala_L_glu__L
PM3B_H4,Nitrogen,EX_pyr_e,"EX_ala__L_e,EX_gly_e",EX_pi_e,EX_so4_e,"also alagly, L_alagly"
PM3B_H5,Nitrogen,EX_pyr_e,"EX_ala__L_e,EX_his__L_e",EX_pi_e,EX_so4_e,"also ala_his, ala_L_his__L"
PM3B_H6,Nitrogen,EX_pyr_e,"EX_ala__L_e,EX_leu__L_e",EX_pi_e,EX_so4_e,"also ala_leu, ala_L_leu__L, alaleu"
PM3B_H7,Nitrogen,EX_pyr_e,"EX_ala__L_e,EX_thr__L_e",EX_pi_e,EX_so4_e,"also ala_L_thr__L, ala_L_Thr__L, alathr"
PM3B_H8,Nitrogen,EX_pyr_e,"EX_gly_e,EX_asn__L_e",EX_pi_e,EX_so4_e,also gly_asn__L
PM3B_H9,Nitrogen,EX_pyr_e,"EX_gly_e,EX_gln__L_e",EX_pi_e,EX_so4_e,"also gly_gln, gly_gln__L, glygln"
PM3B_H10,Nitrogen,EX_pyr_e,"EX_gly_e,EX_glu__L_e",EX_pi_e,EX_so4_e,"aso gly_glu__L, glyglu"
PM3B_H11,Nitrogen,EX_pyr_e,"EX_gly_e,EX_met__L_e",EX_pi_e,EX_so4_e,"also gly_met__L, gly_met, glymet"
PM3B_H12,Nitrogen,EX_pyr_e,"EX_met__L_e,EX_ala__L_e",EX_pi_e,EX_so4_e,also met_L_ala__L
PM4A_A1,Phosphorus,,,,,
PM4A_A2,Phosphorus,EX_pyr_e,EX_nh4_e,EX_pi_e,EX_so4_e,
PM4A_A3,Phosphorus,EX_pyr_e,EX_nh4_e,EX_ppi_e,EX_so4_e,new
PM4A_A4,Phosphorus,EX_pyr_e,EX_nh4_e,EX_tmp_e,EX_so4_e,new
PM4A_A5,Phosphorus,EX_pyr_e,EX_nh4_e,EX_pppi_e,EX_so4_e,new
PM4A_A6,Phosphorus,,,,,
PM4A_A7,Phosphorus,,,,,
PM4A_A8,Phosphorus,EX_pyr_e,EX_nh4_e,EX_amp2p_e,EX_so4_e,new
PM4A_A9,Phosphorus,EX_pyr_e,EX_nh4_e,EX_3amp_e,EX_so4_e,
PM4A_A10,Phosphorus,EX_pyr_e,EX_nh4_e,EX_amp_e,EX_so4_e,
PM4A_A11,Phosphorus,EX_pyr_e,EX_nh4_e,EX_23camp_e,EX_so4_e,
PM4A_A12,Phosphorus,EX_pyr_e,EX_nh4_e,EX_camp_e,EX_so4_e,new
PM4A_B1,Phosphorus,,,,,
PM4A_B2,Phosphorus,,,,,
PM4A_B3,Phosphorus,EX_pyr_e,EX_nh4_e,EX_glyc3p_e,EX_so4_e,
PM4A_B4,Phosphorus,EX_pyr_e,EX_nh4_e,EX_glyc2p_e,EX_so4_e,new
PM4A_B5,Phosphorus,EX_pyr_e,EX_nh4_e,EX_cbp_e,EX_so4_e,new
PM4A_B6,Phosphorus,EX_pyr_e,EX_nh4_e,EX_2pg_e,EX_so4_e,new
PM4A_B7,Phosphorus,EX_pyr_e,EX_nh4_e,EX_3pg_e,EX_so4_e,new
PM4A_B8,Phosphorus,,,,,
PM4A_B9,Phosphorus,EX_pyr_e,EX_nh4_e,EX_3gmp_e,EX_so4_e,
PM4A_B10,Phosphorus,EX_pyr_e,EX_nh4_e,EX_gmp_e,EX_so4_e,
PM4A_B11,Phosphorus,EX_pyr_e,EX_nh4_e,EX_23cgmp_e,EX_so4_e,
PM4A_B12,Phosphorus,EX_pyr_e,EX_nh4_e,EX_35cgmp_e,EX_so4_e,new
PM4A_C1,Phosphorus,EX_pyr_e,EX_nh4_e,EX_pep_e,EX_so4_e,new
PM4A_C2,Phosphorus,EX_pyr_e,EX_nh4_e,EX_2pglyc_e,EX_so4_e,new
PM4A_C3,Phosphorus,EX_pyr_e,EX_nh4_e,EX_g1p_e,EX_so4_e,
PM4A_C4,Phosphorus,EX_pyr_e,EX_nh4_e,EX_g6p_e,EX_so4_e,
PM4A_C5,Phosphorus,EX_pyr_e,EX_nh4_e,EX_2doxg6p_e,EX_so4_e,
PM4A_C6,Phosphorus,EX_pyr_e,EX_nh4_e,EX_gam6p_e,EX_so4_e,
PM4A_C7,Phosphorus,EX_pyr_e,EX_nh4_e,EX_6pgc_e,EX_so4_e,new
PM4A_C8,Phosphorus,,,,,
PM4A_C9,Phosphorus,EX_pyr_e,EX_nh4_e,EX_3cmp_e,EX_so4_e,
PM4A_C10,Phosphorus,EX_pyr_e,EX_nh4_e,EX_cmp_e,EX_so4_e,
PM4A_C11,Phosphorus,EX_pyr_e,EX_nh4_e,EX_23ccmp_e,EX_so4_e,
PM4A_C12,Phosphorus,EX_pyr_e,EX_nh4_e,EX_35ccmp_e,EX_so4_e,
PM4A_D1,Phosphorus,EX_pyr_e,EX_nh4_e,EX_man1p_e,EX_so4_e,new
PM4A_D2,Phosphorus,EX_pyr_e,EX_nh4_e,EX_man6p_e,EX_so4_e,
PM4A_D3,Phosphorus,,,,,
PM4A_D4,Phosphorus,EX_pyr_e,EX_nh4_e,EX_argp_e,EX_so4_e,new
PM4A_D5,Phosphorus,EX_pyr_e,EX_nh4_e,EX_pser__D_e,EX_so4_e,new
PM4A_D6,Phosphorus,EX_pyr_e,EX_nh4_e,EX_pser__L_e,EX_so4_e,
PM4A_D7,Phosphorus,EX_pyr_e,EX_nh4_e,EX_thrp_e,EX_so4_e,
PM4A_D8,Phosphorus,,,,,
PM4A_D9,Phosphorus,EX_pyr_e,EX_nh4_e,EX_3ump_e,EX_so4_e,
PM4A_D10,Phosphorus,EX_pyr_e,EX_nh4_e,EX_ump_e,EX_so4_e,
PM4A_D11,Phosphorus,EX_pyr_e,EX_nh4_e,EX_23cump_e,EX_so4_e,
PM4A_D12,Phosphorus,,,,,
PM4A_E1,Phosphorus,,,,,
PM4A_E2,Phosphorus,EX_pyr_e,EX_nh4_e,EX_tyrp_e,EX_so4_e,
PM4A_E3,Phosphorus,EX_pyr_e,EX_nh4_e,EX_pcreat_e,EX_so4_e,new
PM4A_E4,Phosphorus,EX_pyr_e,EX_nh4_e,EX_cholp_e,EX_so4_e,new
PM4A_E5,Phosphorus,EX_pyr_e,EX_nh4_e,EX_ethamp_e,EX_so4_e,new
PM4A_E6,Phosphorus,EX_pyr_e,EX_nh4_e,EX_phnac_e,EX_so4_e,also ppac
PM4A_E7,Phosphorus,EX_pyr_e,EX_nh4_e,EX_2ameph_e,EX_so4_e,"EX_AEP_e in exchange, also 2aeppn"
PM4A_E8,Phosphorus,,,,,
PM4A_E9,Phosphorus,,,,,
PM4A_E10,Phosphorus,EX_pyr_e,EX_nh4_e,EX_dtmp_e,EX_so4_e,new
PM4A_E11,Phosphorus,EX_pyr_e,EX_nh4_e,EX_minohp_e,EX_so4_e,
PM4A_E12,Phosphorus,,,,,
PM4A_F1,Sulfur,,,,,
PM4A_F2,Sulfur,EX_pyr_e,EX_nh4_e,EX_pi_e,EX_so4_e,
PM4A_F3,Sulfur,EX_pyr_e,EX_nh4_e,EX_pi_e,EX_tsul_e,
PM4A_F4,Sulfur,EX_pyr_e,EX_nh4_e,EX_pi_e,EX_tet_e,new
PM4A_F5,Sulfur,,,,,
PM4A_F6,Sulfur,,,,,
PM4A_F7,Sulfur,EX_pyr_e,EX_nh4_e,EX_pi_e,EX_cys__L_e,
PM4A_F8,Sulfur,EX_pyr_e,EX_nh4_e,EX_pi_e,EX_cys__D_e,
PM4A_F9,Sulfur,EX_pyr_e,EX_nh4_e,EX_pi_e,EX_cgly_e,
PM4A_F10,Sulfur,EX_pyr_e,EX_nh4_e,EX_pi_e,EX_Lcyst_e,new
PM4A_F11,Sulfur,EX_pyr_e,EX_nh4_e,EX_pi_e,EX_cysam_e,new
PM4A_F12,Sulfur,EX_pyr_e,EX_nh4_e,EX_pi_e,EX_3sala_e,new
PM4A_G1,Sulfur,EX_pyr_e,EX_nh4_e,EX_pi_e,EX_CE1310_e,new
PM4A_G2,Sulfur,,,,,
PM4A_G3,Sulfur,EX_pyr_e,EX_nh4_e,EX_pi_e,EX_cyst__L_e,new
PM4A_G4,Sulfur,EX_pyr_e,EX_nh4_e,EX_pi_e,EX_lanth_e,new
PM4A_G5,Sulfur,EX_pyr_e,EX_nh4_e,EX_pi_e,EX_gthrd_e,
PM4A_G6,Sulfur,,,,,
PM4A_G7,Sulfur,EX_pyr_e,EX_nh4_e,EX_pi_e,EX_met__L_e,
PM4A_G8,Sulfur,EX_pyr_e,EX_nh4_e,EX_pi_e,EX_met__D_e,
PM4A_G9,Sulfur,EX_pyr_e,EX_nh4_e,EX_pi_e,"EX_gly_e,EX_met__L_e","also gly_met__L, gly_met, glymet"
PM4A_G10,Sulfur,EX_pyr_e,EX_nh4_e,EX_pi_e,EX_acmet_e,new
PM4A_G11,Sulfur,EX_pyr_e,EX_nh4_e,EX_pi_e,"EX_metsox_R__L_e,EX_metsox_S__L_e",
PM4A_G12,Sulfur,,,,,
PM4A_H1,Sulfur,EX_pyr_e,EX_nh4_e,EX_pi_e,EX_djenk_e,
PM4A_H2,Sulfur,,,,,
PM4A_H3,Sulfur,,,,,
PM4A_H4,Sulfur,EX_pyr_e,EX_nh4_e,EX_pi_e,EX_lpam_e,new
PM4A_H5,Sulfur,EX_pyr_e,EX_nh4_e,EX_pi_e,EX_tchola_e,new
PM4A_H6,Sulfur,EX_pyr_e,EX_nh4_e,EX_pi_e,EX_taur_e,
PM4A_H7,Sulfur,EX_pyr_e,EX_nh4_e,EX_pi_e,EX_hyptaur_e,new
PM4A_H8,Sulfur,,,,,
PM4A_H9,Sulfur,EX_pyr_e,EX_nh4_e,EX_pi_e,EX_butso3_e,
PM4A_H10,Sulfur,EX_pyr_e,EX_nh4_e,EX_pi_e,EX_isetac_e,
PM4A_H11,Sulfur,EX_pyr_e,EX_nh4_e,EX_pi_e,EX_mso3_e,
PM4A_H12,Sulfur,,,,,
