PlateType,Experiment,Well,Row,Column,Compound,SigGrowth?,,,,,,,,,
PM1,Carbon,A1,1,1,Negative Control,FALSE,,,,,,,,,
PM1,Carbon,A2,1,2,L-Arabinose  ,FALSE,,,,,,,,,
PM1,Carbon,A3,1,3,N-Acetyl-DGlucosamine  ,FALSE,,,,,,,,,
PM1,Carbon,A4,1,4,D-Saccharic Acid,FALSE,,,,,,,,,
PM1,Carbon,A5,1,5,Succinic Acid,TRUE,,,,,,,,,
PM1,Carbon,A6,1,6,D-Galactose  ,TRUE,,,,,,,,,
PM1,Carbon,A7,1,7,L-Aspartic Acid,FALSE,,,,,,,,,
PM1,Carbon,A8,1,8,L-Proline  ,FALSE,,,,,,,,,
PM1,Carbon,A9,1,9,D-Alanine  ,FALSE,,,,,,,,,
PM1,Carbon,A10,1,10,D-Trehalose  ,FALSE,,,,,,,,,
PM1,Carbon,A11,1,11,D-Mannose  ,TRUE,,,,,,,,,
PM1,Carbon,A12,1,12,Dulcitol  ,TRUE,,,,,,,,,
PM1,Carbon,B1,2,1,D-Serine  ,FALSE,,,,,,,,,
PM1,Carbon,B2,2,2,D-Sorbitol  ,TRUE,,,,,,,,,
PM1,Carbon,B3,2,3,Glycerol  ,FALSE,,,,,,,,,
PM1,Carbon,B4,2,4,L-Fucose  ,FALSE,,,,,,,,,
PM1,Carbon,B5,2,5,D-Glucuronic Acid,FALSE,,,,,,,,,
PM1,Carbon,B6,2,6,D-Gluconic Acid,FALSE,,,,,,,,,
PM1,Carbon,B7,2,7,"D,L-a-GlycerolPhosphate  ",FALSE,,,,,,,,,
PM1,Carbon,B8,2,8,D-Xylose  ,TRUE,,,,,,,,,
PM1,Carbon,B9,2,9,L-Lactic Acid,FALSE,,,,,,,,,
PM1,Carbon,B10,2,10,Formic Acid,FALSE,,,,,,,,,
PM1,Carbon,B11,2,11,D--Mannitol  ,TRUE,,,,,,,,,
PM1,Carbon,B12,2,12,L-Glutamic Acid,FALSE,,,,,,,,,
PM1,Carbon,C1,3,1,D--Glucose-6- Phosphate,FALSE,,,,,,,,,
PM1,Carbon,C2,3,2,D--Galactonic Acid-g-Lactone,TRUE,,,,,,,,,
PM1,Carbon,C3,3,3,"D-,L-Malic Acid",FALSE,,,,,,,,,
PM1,Carbon,C4,3,4,D--Ribose  ,FALSE,,,,,,,,,
PM1,Carbon,C5,3,5,Tween 20,TRUE,,,,,,,,,
PM1,Carbon,C6,3,6,L-Rhamnose  ,TRUE,,,,,,,,,
PM1,Carbon,C7,3,7,D--Fructose  ,TRUE,,,,,,,,,
PM1,Carbon,C8,3,8,Acetic Acid,TRUE,,,,,,,,,
PM1,Carbon,C9,3,9,a-D-Glucose  ,TRUE,,,,,,,,,
PM1,Carbon,C10,3,10,Maltose  ,TRUE,,,,,,,,,
PM1,Carbon,C11,3,11,D--Melibiose  ,TRUE,,,,,,,,,
PM1,Carbon,C12,3,12,Thymidine  ,FALSE,,,,,,,,,
PM1,Carbon,D1,4,1,L-Asparagine  ,FALSE,,,,,,,,,
PM1,Carbon,D2,4,2,D-Aspartic Acid,FALSE,,,,,,,,,
PM1,Carbon,D3,4,3,D--Glucosaminic Acid,FALSE,,,,,,,,,
PM1,Carbon,D4,4,4,"1,2-Propanediol  ",FALSE,,,,,,,,,
PM1,Carbon,D5,4,5,Tween 40,FALSE,,,,,,,,,
PM1,Carbon,D6,4,6,a-Keto-Glutaric Acid,TRUE,,,,,,,,,
PM1,Carbon,D7,4,7,a-Keto-Butyric Acid,FALSE,,,,,,,,,
PM1,Carbon,D8,4,8,a-Methyl-DGalactoside  ,TRUE,,,,,,,,,
PM1,Carbon,D9,4,9,a-D-Lactose  ,FALSE,,,,,,,,,
PM1,Carbon,D10,4,10,Lactulose  ,TRUE,,,,,,,,,
PM1,Carbon,D11,4,11,Sucrose  ,TRUE,,,,,,,,,
PM1,Carbon,D12,4,12,Uridine  ,FALSE,,,,,,,,,
PM1,Carbon,E1,5,1,L-Glutamine  ,FALSE,,,,,,,,,
PM1,Carbon,E2,5,2,m-Tartaric Acid,FALSE,,,,,,,,,
PM1,Carbon,E3,5,3,D--Glucose-1- Phosphate,FALSE,,,,,,,,,
PM1,Carbon,E4,5,4,D--Fructose-6- Phosphate,FALSE,,,,,,,,,
PM1,Carbon,E5,5,5,Tween 80,TRUE,,,,,,,,,
PM1,Carbon,E6,5,6,a-Hydroxy Glutaric Acid-g- Lactone,FALSE,,,,,,,,,
PM1,Carbon,E7,5,7,a-Hydroxy Butyric Acid,FALSE,,,,,,,,,
PM1,Carbon,E8,5,8,b-Methyl-DGlucoside  ,TRUE,,,,,,,,,
PM1,Carbon,E9,5,9,Adonitol  ,FALSE,,,,,,,,,
PM1,Carbon,E10,5,10,Maltotriose  ,TRUE,,,,,,,,,
PM1,Carbon,E11,5,11,2-Deoxy Adenosine,FALSE,,,,,,,,,
PM1,Carbon,E12,5,12,Adenosine  ,FALSE,,,,,,,,,
PM1,Carbon,F1,6,1,Glycyl-L-Aspartic Acid,FALSE,,,,,,,,,
PM1,Carbon,F2,6,2,Citric Acid,FALSE,,,,,,,,,
PM1,Carbon,F3,6,3,m-Inositol  ,TRUE,,,,,,,,,
PM1,Carbon,F4,6,4,D--Threonine  ,FALSE,,,,,,,,,
PM1,Carbon,F5,6,5,Fumaric Acid,TRUE,,,,,,,,,
PM1,Carbon,F6,6,6,Bromo Succinic Acid,TRUE,,,,,,,,,
PM1,Carbon,F7,6,7,Propionic Acid,FALSE,,,,,,,,,
PM1,Carbon,F8,6,8,Mucic Acid,FALSE,,,,,,,,,
PM1,Carbon,F9,6,9,Glycolic Acid,FALSE,,,,,,,,,
PM1,Carbon,F10,6,10,Glyoxylic Acid,FALSE,,,,,,,,,
PM1,Carbon,F11,6,11,D--Cellobiose  ,TRUE,,,,,,,,,
PM1,Carbon,F12,6,12,Inosine  ,FALSE,,,,,,,,,
PM1,Carbon,G1,7,1,Glycyl-LGlutamic Acid,FALSE,,,,,,,,,
PM1,Carbon,G2,7,2,Tricarballylic Acid,FALSE,,,,,,,,,
PM1,Carbon,G3,7,3,L-Serine  ,FALSE,,,,,,,,,
PM1,Carbon,G4,7,4,L-Threonine  ,FALSE,,,,,,,,,
PM1,Carbon,G5,7,5,L-Alanine  ,FALSE,,,,,,,,,
PM1,Carbon,G6,7,6,L-Alanyl-Glycine  ,FALSE,,,,,,,,,
PM1,Carbon,G7,7,7,Acetoacetic Acid,FALSE,,,,,,,,,
PM1,Carbon,G8,7,8,N-Acetyl-b-DMannosamine  ,FALSE,,,,,,,,,
PM1,Carbon,G9,7,9,Mono Methyl Succinate,TRUE,,,,,,,,,
PM1,Carbon,G10,7,10,Methyl Pyruvate,FALSE,,,,,,,,,
PM1,Carbon,G11,7,11,D--Malic Acid,FALSE,,,,,,,,,
PM1,Carbon,G12,7,12,L-Malic Acid,TRUE,,,,,,,,,
PM1,Carbon,H1,8,1,Glycyl-L-Proline  ,FALSE,,,,,,,,,
PM1,Carbon,H2,8,2,p-Hydroxy Phenyl Acetic Acid,FALSE,,,,,,,,,
PM1,Carbon,H3,8,3,m-Hydroxy Phenyl Acetic Acid,FALSE,,,,,,,,,
PM1,Carbon,H4,8,4,Tyramine  ,FALSE,,,,,,,,,
PM1,Carbon,H5,8,5,D--Psicose  ,TRUE,,,,,,,,,
PM1,Carbon,H6,8,6,L-Lyxose  ,FALSE,,,,,,,,,
PM1,Carbon,H7,8,7,Glucuronamide  ,FALSE,,,,,,,,,
PM1,Carbon,H8,8,8,Pyruvic Acid,FALSE,,,,,,,,,
PM1,Carbon,H9,8,9,L-Galactonic Acid-g-Lactone,FALSE,,,,,,,,,
PM1,Carbon,H10,8,10,D--Galacturonic Acid,FALSE,,,,,,,,,
PM1,Carbon,H11,8,11,Phenylethylamine  ,FALSE,,,,,,,,,
PM1,Carbon,H12,8,12,2-Aminoethanol  ,FALSE,,,,,,,,,
PM2,Carbon,A1,1,1,Negative Control,FALSE,,,,,,,,,
PM2,Carbon,A2,1,2,Chondroitin Sulfate C,FALSE,,,,,,,,,
PM2,Carbon,A3,1,3,a-Cyclodextrin,FALSE,,,,,,,,,
PM2,Carbon,A4,1,4,b-Cyclodextrin,FALSE,,,,,,,,,
PM2,Carbon,A5,1,5,g-Cyclodextrin,TRUE,,,,,,,,,
PM2,Carbon,A6,1,6,Dextrin,TRUE,,,,,,,,,
PM2,Carbon,A7,1,7,Gelatin,FALSE,,,,,,,,,
PM2,Carbon,A8,1,8,Glycogen,TRUE,,,,,,,,,
PM2,Carbon,A9,1,9,Inulin,FALSE,,,,,,,,,
PM2,Carbon,A10,1,10,Laminarin,FALSE,,,,,,,,,
PM2,Carbon,A11,1,11,Mannan,FALSE,,,,,,,,,
PM2,Carbon,A12,1,12,Pectin,TRUE,,,,,,,,,
PM2,Carbon,B1,2,1,N-Acetyl-DGalactosamine,FALSE,,,,,,,,,
PM2,Carbon,B2,2,2,N-AcetylNeuraminic Acid,FALSE,,,,,,,,,
PM2,Carbon,B3,2,3,b-D-Allose,FALSE,,,,,,,,,
PM2,Carbon,B4,2,4,Amygdalin,TRUE,,,,,,,,,
PM2,Carbon,B5,2,5,D-Arabinose,TRUE,,,,,,,,,
PM2,Carbon,B6,2,6,D-Arabitol,TRUE,,,,,,,,,
PM2,Carbon,B7,2,7,L-Arabitol,TRUE,,,,,,,,,
PM2,Carbon,B8,2,8,Arbutin,TRUE,,,,,,,,,
PM2,Carbon,B9,2,9,2-Deoxy-DRibose,FALSE,,,,,,,,,
PM2,Carbon,B10,2,10,i-Erythritol,TRUE,,,,,,,,,
PM2,Carbon,B11,2,11,D-Fucose,FALSE,,,,,,,,,
PM2,Carbon,B12,2,12,3-0-b-D-Galactopyranosyl-DArabinose,FALSE,,,,,,,,,
PM2,Carbon,C1,3,1,Gentiobiose,FALSE,,,,,,,,,
PM2,Carbon,C2,3,2,L-Glucose,FALSE,,,,,,,,,
PM2,Carbon,C3,3,3,Lactitol,FALSE,,,,,,,,,
PM2,Carbon,C4,3,4,D-Melezitose,TRUE,,,,,,,,,
PM2,Carbon,C5,3,5,Maltitol,TRUE,,,,,,,,,
PM2,Carbon,C6,3,6,A-Methyl-DGlucoside,TRUE,,,,,,,,,
PM2,Carbon,C7,3,7,b-Methyl-DGalactoside,FALSE,,,,,,,,,
PM2,Carbon,C8,3,8,3-Methyl Glucose,TRUE,,,,,,,,,
PM2,Carbon,C9,3,9,b-Methyl-DGlucuronic Acid,FALSE,,,,,,,,,
PM2,Carbon,C10,3,10,a-Methyl-DMannoside,FALSE,,,,,,,,,
PM2,Carbon,C11,3,11,b-Methyl-DXyloside,FALSE,,,,,,,,,
PM2,Carbon,C12,3,12,Palatinose,TRUE,,,,,,,,,
PM2,Carbon,D1,4,1,D-Raffinose,FALSE,,,,,,,,,
PM2,Carbon,D2,4,2,Salicin,FALSE,,,,,,,,,
PM2,Carbon,D3,4,3,Sedoheptulosan,FALSE,,,,,,,,,
PM2,Carbon,D4,4,4,L-Sorbose,TRUE,,,,,,,,,
PM2,Carbon,D5,4,5,Stachyose,TRUE,,,,,,,,,
PM2,Carbon,D6,4,6,D-Tagatose,FALSE,,,,,,,,,
PM2,Carbon,D7,4,7,Turanose,TRUE,,,,,,,,,
PM2,Carbon,D8,4,8,Xylitol,TRUE,,,,,,,,,
PM2,Carbon,D9,4,9,N-Acetyl-DGlucosaminitol,FALSE,,,,,,,,,
PM2,Carbon,D10,4,10,g-Amino Butyric Acid,FALSE,,,,,,,,,
PM2,Carbon,D11,4,11,d-Amino Valeric Acid,FALSE,,,,,,,,,
PM2,Carbon,D12,4,12,Butyric Acid,FALSE,,,,,,,,,
PM2,Carbon,E1,5,1,Capric Acid,FALSE,,,,,,,,,
PM2,Carbon,E2,5,2,Caproic Acid,FALSE,,,,,,,,,
PM2,Carbon,E3,5,3,Citraconic Acid,FALSE,,,,,,,,,
PM2,Carbon,E4,5,4,Citramalic Acid,FALSE,,,,,,,,,
PM2,Carbon,E5,5,5,D-Glucosamine,FALSE,,,,,,,,,
PM2,Carbon,E6,5,6,2-Hydroxy Benzoic Acid,FALSE,,,,,,,,,
PM2,Carbon,E7,5,7,4-Hydroxy Benzoic Acid,FALSE,,,,,,,,,
PM2,Carbon,E8,5,8,b-Hydroxy Butyric Acid,FALSE,,,,,,,,,
PM2,Carbon,E9,5,9,g-Hydroxy Butyric Acid,FALSE,,,,,,,,,
PM2,Carbon,E10,5,10,A-Keto-Valeric Acid,FALSE,,,,,,,,,
PM2,Carbon,E11,5,11,Itaconic Acid,FALSE,,,,,,,,,
PM2,Carbon,E12,5,12,5-Keto-D-Gluconic Acid,FALSE,,,,,,,,,
PM2,Carbon,F1,6,1,D-Lactic Acid Methyl Ester,FALSE,,,,,,,,,
PM2,Carbon,F2,6,2,Malonic Acid,FALSE,,,,,,,,,
PM2,Carbon,F3,6,3,Melibionic Acid,TRUE,,,,,,,,,
PM2,Carbon,F4,6,4,Oxalic Acid,FALSE,,,,,,,,,
PM2,Carbon,F5,6,5,Oxalomalic Acid,FALSE,,,,,,,,,
PM2,Carbon,F6,6,6,Quinic Acid,FALSE,,,,,,,,,
PM2,Carbon,F7,6,7,"D-Ribono-1,4- Lactone",TRUE,,,,,,,,,
PM2,Carbon,F8,6,8,Sebacic Acid,FALSE,,,,,,,,,
PM2,Carbon,F9,6,9,Sorbic Acid,FALSE,,,,,,,,,
PM2,Carbon,F10,6,10,Succinamic Acid,TRUE,,,,,,,,,
PM2,Carbon,F11,6,11,D-Tartaric Acid,FALSE,,,,,,,,,
PM2,Carbon,F12,6,12,L-Tartaric Acid,FALSE,,,,,,,,,
PM2,Carbon,G1,7,1,Acetamide,FALSE,,,,,,,,,
PM2,Carbon,G2,7,2,L-Alaninamide,FALSE,,,,,,,,,
PM2,Carbon,G3,7,3,N-Acetyl-LGlutamic Acid,FALSE,,,,,,,,,
PM2,Carbon,G4,7,4,L-Arginine,FALSE,,,,,,,,,
PM2,Carbon,G5,7,5,Glycine,FALSE,,,,,,,,,
PM2,Carbon,G6,7,6,L-Histidine,FALSE,,,,,,,,,
PM2,Carbon,G7,7,7,L-Homoserine,FALSE,,,,,,,,,
PM2,Carbon,G8,7,8,Hydroxy-LProline,FALSE,,,,,,,,,
PM2,Carbon,G9,7,9,L-Isoleucine,FALSE,,,,,,,,,
PM2,Carbon,G10,7,10,L-Leucine,FALSE,,,,,,,,,
PM2,Carbon,G11,7,11,L-Lysine,FALSE,,,,,,,,,
PM2,Carbon,G12,7,12,L-Methionine,FALSE,,,,,,,,,
PM2,Carbon,H1,8,1,L-Ornithine,FALSE,,,,,,,,,
PM2,Carbon,H2,8,2,L-Phenylalanine,FALSE,,,,,,,,,
PM2,Carbon,H3,8,3,L-Pyroglutamic Acid,FALSE,,,,,,,,,
PM2,Carbon,H4,8,4,L-Valine,FALSE,,,,,,,,,
PM2,Carbon,H5,8,5,"D,L-Carnitine",FALSE,,,,,,,,,
PM2,Carbon,H6,8,6,Sec-Butylamine,FALSE,,,,,,,,,
PM2,Carbon,H7,8,7,"D,L-Octopamine",FALSE,,,,,,,,,
PM2,Carbon,H8,8,8,Putrescine,FALSE,,,,,,,,,
PM2,Carbon,H9,8,9,Dihydroxy Acetone,FALSE,,,,,,,,,
PM2,Carbon,H10,8,10,"2,3-Butanediol",FALSE,,,,,,,,,
PM2,Carbon,H11,8,11,"2,3-Butanedione",FALSE,,,,,,,,,
PM2,Carbon,H12,8,12,3-Hydroxy 2-Butanon,FALSE,,,,,,,,,
PM3B,Nitrogen,A1,1,1,Negative Control,FALSE,,,,,,,,,
PM3B,Nitrogen,A2,1,2,Ammonia,TRUE,,,,,,,,,
PM3B,Nitrogen,A3,1,3,Nitrite,FALSE,,,,,,,,,
PM3B,Nitrogen,A4,1,4,Nitrate,FALSE,,,,,,,,,
PM3B,Nitrogen,A5,1,5,Urea,TRUE,,,,,,,,,
PM3B,Nitrogen,A6,1,6,Biuret,TRUE,,,,,,,,,
PM3B,Nitrogen,A7,1,7,L-Alanine,FALSE,,,,,,,,,
PM3B,Nitrogen,A8,1,8,L-Arginine,TRUE,,,,,,,,,
PM3B,Nitrogen,A9,1,9,L-Asparagine,TRUE,,,,,,,,,
PM3B,Nitrogen,A10,1,10,L-Aspartic Acid,TRUE,,,,,,,,,
PM3B,Nitrogen,A11,1,11,L-Cysteine,FALSE,,,,,,,,,
PM3B,Nitrogen,A12,1,12,L-Glutamic Acid,TRUE,,,,,,,,,
PM3B,Nitrogen,B1,2,1,L-Glutamine,TRUE,,,,,,,,,
PM3B,Nitrogen,B2,2,2,Glycine,TRUE,,,,,,,,,
PM3B,Nitrogen,B3,2,3,L-Histidine,TRUE,,,,,,,,,
PM3B,Nitrogen,B4,2,4,L-Isoleucine,TRUE,,,,,,,,,
PM3B,Nitrogen,B5,2,5,L-Leucine,TRUE,,,,,,,,,
PM3B,Nitrogen,B6,2,6,L-Lysine,TRUE,,,,,,,,,
PM3B,Nitrogen,B7,2,7,L-Methionine,TRUE,,,,,,,,,
PM3B,Nitrogen,B8,2,8,L-Phenylalanine,TRUE,,,,,,,,,
PM3B,Nitrogen,B9,2,9,L-Proline,TRUE,,,,,,,,,
PM3B,Nitrogen,B10,2,10,L-Serine,TRUE,,,,,,,,,
PM3B,Nitrogen,B11,2,11,L-Threonine,FALSE,,,,,,,,,
PM3B,Nitrogen,B12,2,12,L-Tryptophan,FALSE,,,,,,,,,
PM3B,Nitrogen,C1,3,1,L-Tyrosine,FALSE,,,,,,,,,
PM3B,Nitrogen,C2,3,2,L-Valine,TRUE,,,,,,,,,
PM3B,Nitrogen,C3,3,3,D-Alanine,TRUE,,,,,,,,,
PM3B,Nitrogen,C4,3,4,D-Asparagine,FALSE,,,,,,,,,
PM3B,Nitrogen,C5,3,5,D-Aspartic Acid,TRUE,,,,,,,,,
PM3B,Nitrogen,C6,3,6,D-Glutamic Acid,FALSE,,,,,,,,,
PM3B,Nitrogen,C7,3,7,D-Lysine,TRUE,,,,,,,,,
PM3B,Nitrogen,C8,3,8,D-Serine,TRUE,,,,,,,,,
PM3B,Nitrogen,C9,3,9,D-Valine,TRUE,,,,,,,,,
PM3B,Nitrogen,C10,3,10,L-Citrulline,TRUE,,,,,,,,,
PM3B,Nitrogen,C11,3,11,L-Homoserine,FALSE,,,,,,,,,
PM3B,Nitrogen,C12,3,12,L-Ornithine D-1 N-Acetyl-LGlutamic Acid,FALSE,,,,,,,,,
PM3B,Nitrogen,D1,4,1,N-Acetyl-L- Glutamic Acid ,TRUE,,,,,,,,,
PM3B,Nitrogen,D2,4,2,N-Phthaloyl-LGlutamic Acid,TRUE,,,,,,,,,
PM3B,Nitrogen,D3,4,3,L-Pyroglutamic Acid,TRUE,,,,,,,,,
PM3B,Nitrogen,D4,4,4,Hydroxylamine,FALSE,,,,,,,,,
PM3B,Nitrogen,D5,4,5,Methylamine,TRUE,,,,,,,,,
PM3B,Nitrogen,D6,4,6,N-Amylamine,TRUE,,,,,,,,,
PM3B,Nitrogen,D7,4,7,N-Butylamine,TRUE,,,,,,,,,
PM3B,Nitrogen,D8,4,8,Ethylamine,TRUE,,,,,,,,,
PM3B,Nitrogen,D9,4,9,Ethanolamine,TRUE,,,,,,,,,
PM3B,Nitrogen,D10,4,10,Ethylenediamine,TRUE,,,,,,,,,
PM3B,Nitrogen,D11,4,11,Putrescine,TRUE,,,,,,,,,
PM3B,Nitrogen,D12,4,12,Agmatine,FALSE,,,,,,,,,
PM3B,Nitrogen,E1,5,1,Histamine,TRUE,,,,,,,,,
PM3B,Nitrogen,E2,5,2,b-Phenylethylamine,TRUE,,,,,,,,,
PM3B,Nitrogen,E3,5,3,Tyramine,TRUE,,,,,,,,,
PM3B,Nitrogen,E4,5,4,Acetamide,TRUE,,,,,,,,,
PM3B,Nitrogen,E5,5,5,Formamide,TRUE,,,,,,,,,
PM3B,Nitrogen,E6,5,6,Glucuronamide,TRUE,,,,,,,,,
PM3B,Nitrogen,E7,5,7,"D,L-Lactamide",TRUE,,,,,,,,,
PM3B,Nitrogen,E8,5,8,D-Glucosamine,TRUE,,,,,,,,,
PM3B,Nitrogen,E9,5,9,D-Galactosamine,TRUE,,,,,,,,,
PM3B,Nitrogen,E10,5,10,D-Mannosamine,TRUE,,,,,,,,,
PM3B,Nitrogen,E11,5,11,N-Acetyl-DGlucosamine,TRUE,,,,,,,,,
PM3B,Nitrogen,E12,5,12,N-Acetyl-DGalactosamine,TRUE,,,,,,,,,
PM3B,Nitrogen,F1,6,1,N-Acetyl-DMannosamine,TRUE,,,,,,,,,
PM3B,Nitrogen,F2,6,2,Adenine,TRUE,,,,,,,,,
PM3B,Nitrogen,F3,6,3,Adenosine,TRUE,,,,,,,,,
PM3B,Nitrogen,F4,6,4,Cytidine,TRUE,,,,,,,,,
PM3B,Nitrogen,F5,6,5,Cytosine,TRUE,,,,,,,,,
PM3B,Nitrogen,F6,6,6,Guanine,TRUE,,,,,,,,,
PM3B,Nitrogen,F7,6,7,Guanosine,TRUE,,,,,,,,,
PM3B,Nitrogen,F8,6,8,Thymine,TRUE,,,,,,,,,
PM3B,Nitrogen,F9,6,9,Thymidine,TRUE,,,,,,,,,
PM3B,Nitrogen,F10,6,10,Uracil,TRUE,,,,,,,,,
PM3B,Nitrogen,F11,6,11,Uridine,TRUE,,,,,,,,,
PM3B,Nitrogen,F12,6,12,Inosine,TRUE,,,,,,,,,
PM3B,Nitrogen,G1,7,1,Xanthine,FALSE,,,,,,,,,
PM3B,Nitrogen,G2,7,2,Xanthosine,TRUE,,,,,,,,,
PM3B,Nitrogen,G3,7,3,Uric Acid,TRUE,,,,,,,,,
PM3B,Nitrogen,G4,7,4,Alloxan,TRUE,,,,,,,,,
PM3B,Nitrogen,G5,7,5,Allantoin,TRUE,,,,,,,,,
PM3B,Nitrogen,G6,7,6,Parabanic Acid,TRUE,,,,,,,,,
PM3B,Nitrogen,G7,7,7,"D,L-a-Amino-NButyric Acid",TRUE,,,,,,,,,
PM3B,Nitrogen,G8,7,8,g-Amino-NButyric Acid,TRUE,,,,,,,,,
PM3B,Nitrogen,G9,7,9,e-Amino-NCaproic Acid,TRUE,,,,,,,,,
PM3B,Nitrogen,G10,7,10,"D,L-a-AminoCaprylic Acid",FALSE,,,,,,,,,
PM3B,Nitrogen,G11,7,11,d-Amino-NValeric Acid,TRUE,,,,,,,,,
PM3B,Nitrogen,G12,7,12,a-Amino-NValeric Acid,TRUE,,,,,,,,,
PM3B,Nitrogen,H1,8,1,Ala-Asp,FALSE,,,,,,,,,
PM3B,Nitrogen,H2,8,2,Ala-Gln,TRUE,,,,,,,,,
PM3B,Nitrogen,H3,8,3,Ala-Glu,TRUE,,,,,,,,,
PM3B,Nitrogen,H4,8,4,Ala-Gly,TRUE,,,,,,,,,
PM3B,Nitrogen,H5,8,5,Ala-His,TRUE,,,,,,,,,
PM3B,Nitrogen,H6,8,6,Ala-Leu,TRUE,,,,,,,,,
PM3B,Nitrogen,H7,8,7,Ala-Thr,TRUE,,,,,,,,,
PM3B,Nitrogen,H8,8,8,Gly-Asn,TRUE,,,,,,,,,
PM3B,Nitrogen,H9,8,9,Gly-Gln,TRUE,,,,,,,,,
PM3B,Nitrogen,H10,8,10,Gly-Glu,TRUE,,,,,,,,,
PM3B,Nitrogen,H11,8,11,Gly-Met,TRUE,,,,,,,,,
PM3B,Nitrogen,H12,8,12,Met-Ala,FALSE,,,,,,,,,
PM4A,Phosphorus,A1,1,1,Negative Control,FALSE,,,,,,,,,
PM4A,Phosphorus,A2,1,2,Phosphate,TRUE,,,,,,,,,
PM4A,Phosphorus,A3,1,3,Pyrophosphate,TRUE,,,,,,,,,
PM4A,Phosphorus,A4,1,4,Trimetaphosphate,TRUE,,,,,,,,,
PM4A,Phosphorus,A5,1,5,Tripolyphosphate,TRUE,,,,,,,,,
PM4A,Phosphorus,A6,1,6,Triethyl Phosphate,TRUE,,,,,,,,,
PM4A,Phosphorus,A7,1,7,Hypophosphite,TRUE,,,,,,,,,
PM4A,Phosphorus,A8,1,8,Adenosine- 2’- monophosphate,TRUE,,,,,,,,,
PM4A,Phosphorus,A9,1,9,Adenosine- 3’- monophosphate,TRUE,,,,,,,,,
PM4A,Phosphorus,A10,1,10,Adenosine- 5’- monophosphate,TRUE,,,,,,,,,
PM4A,Phosphorus,A11,1,11,"Adenosine- 2’,3’- Cyclic monophosphate",TRUE,,,,,,,,,
PM4A,Phosphorus,A12,1,12,"Adenosine- 3’,5’- Cyclic monophosphate",TRUE,,,,,,,,,
PM4A,Phosphorus,B1,2,1,Thiophosphate,FALSE,,,,,,,,,
PM4A,Phosphorus,B2,2,2,Dithiophosphate,FALSE,,,,,,,,,
PM4A,Phosphorus,B3,2,3,"D,L-a-Glycerol Phosphate",TRUE,,,,,,,,,
PM4A,Phosphorus,B4,2,4,b-Glycerol Phosphate,TRUE,,,,,,,,,
PM4A,Phosphorus,B5,2,5,Carbamyl Phosphate,TRUE,,,,,,,,,
PM4A,Phosphorus,B6,2,6,D-2-PhosphoGlyceric Acid,TRUE,,,,,,,,,
PM4A,Phosphorus,B7,2,7,D-3-PhosphoGlyceric Acid,TRUE,,,,,,,,,
PM4A,Phosphorus,B8,2,8,Guanosine- 2’- monophosphate,TRUE,,,,,,,,,
PM4A,Phosphorus,B9,2,9,Guanosine- 3’- monophosphate,TRUE,,,,,,,,,
PM4A,Phosphorus,B10,2,10,Guanosine- 5’- monophosphate,TRUE,,,,,,,,,
PM4A,Phosphorus,B11,2,11,"Guanosine- 2’,3’- Cyclic monophosphate",TRUE,,,,,,,,,
PM4A,Phosphorus,B12,2,12,"Guanosine- 3’,5’- Cyclic monophosphate",TRUE,,,,,,,,,
PM4A,Phosphorus,C1,3,1,Phosphoenol Pyruvate,TRUE,,,,,,,,,
PM4A,Phosphorus,C2,3,2,PhosphoGlycolic Acid,TRUE,,,,,,,,,
PM4A,Phosphorus,C3,3,3,D-Glucose-1- Phosphate,TRUE,,,,,,,,,
PM4A,Phosphorus,C4,3,4,D-Glucose-6- Phosphate,TRUE,,,,,,,,,
PM4A,Phosphorus,C5,3,5,2-Deoxy-DGlucose 6- Phosphate,TRUE,,,,,,,,,
PM4A,Phosphorus,C6,3,6,D-Glucosamine6-Phosphate,TRUE,,,,,,,,,
PM4A,Phosphorus,C7,3,7,6-PhosphoGluconic Acid,TRUE,,,,,,,,,
PM4A,Phosphorus,C8,3,8,Cytidine- 2’- monophosphate,TRUE,,,,,,,,,
PM4A,Phosphorus,C9,3,9,Cytidine- 3’- monophosphate,TRUE,,,,,,,,,
PM4A,Phosphorus,C10,3,10,Cytidine- 5’- monophosphate,TRUE,,,,,,,,,
PM4A,Phosphorus,C11,3,11,"Cytidine- 2’,3’- Cyclic monophosphate",TRUE,,,,,,,,,
PM4A,Phosphorus,C12,3,12,"Cytidine- 3’,5’- Cyclic monophosphate",TRUE,,,,,,,,,
PM4A,Phosphorus,D1,4,1,D-Mannose-1- Phosphate,TRUE,,,,,,,,,
PM4A,Phosphorus,D2,4,2,D-Mannose-6- Phosphate,TRUE,,,,,,,,,
PM4A,Phosphorus,D3,4,3,Cysteamine-SPhosphate,TRUE,,,,,,,,,
PM4A,Phosphorus,D4,4,4,Phospho-LArginine,TRUE,,,,,,,,,
PM4A,Phosphorus,D5,4,5,O-Phospho-DSerine,TRUE,,,,,,,,,
PM4A,Phosphorus,D6,4,6,O-Phospho-LSerine,TRUE,,,,,,,,,
PM4A,Phosphorus,D7,4,7,O-Phospho-LThreonine,TRUE,,,,,,,,,
PM4A,Phosphorus,D8,4,8,Uridine- 2’- monophosphate,TRUE,,,,,,,,,
PM4A,Phosphorus,D9,4,9,Uridine- 3’- monophosphate,TRUE,,,,,,,,,
PM4A,Phosphorus,D10,4,10,Uridine- 5’- monophosphate,TRUE,,,,,,,,,
PM4A,Phosphorus,D11,4,11,"Uridine- 2’,3’- Cyclic monophosphate",TRUE,,,,,,,,,
PM4A,Phosphorus,D12,4,12,"Uridine- 3’,5’- Cyclic monophosphate",TRUE,,,,,,,,,
PM4A,Phosphorus,E1,5,1,O-Phospho-DTyrosine,TRUE,,,,,,,,,
PM4A,Phosphorus,E2,5,2,O-Phospho-LTyrosine,TRUE,,,,,,,,,
PM4A,Phosphorus,E3,5,3,Phosphocreatine,TRUE,,,,,,,,,
PM4A,Phosphorus,E4,5,4,Phosphoryl Choline,TRUE,,,,,,,,,
PM4A,Phosphorus,E5,5,5,O-PhosphorylEthanolamine,TRUE,,,,,,,,,
PM4A,Phosphorus,E6,5,6,Phosphono Acetic Acid,TRUE,,,,,,,,,
PM4A,Phosphorus,E7,5,7, 2-Aminoethyl Phosphonic Acid,TRUE,,,,,,,,,
PM4A,Phosphorus,E8,5,8,Methylene Diphosphonic Acid,FALSE,,,,,,,,,
PM4A,Phosphorus,E9,5,9,Thymidine- 3’- monophosphate,TRUE,,,,,,,,,
PM4A,Phosphorus,E10,5,10,Thymidine- 5’- monophosphate,TRUE,,,,,,,,,
PM4A,Phosphorus,E11,5,11,Inositol Hexaphosphate,TRUE,,,,,,,,,
PM4A,Phosphorus,E12,5,12,"Thymidine 3’,5’- Cyclic monophosphate",TRUE,,,,,,,,,
PM4A,Sulfur,F1,6,1,Negative Control,FALSE,,,,,,,,,
PM4A,Sulfur,F2,6,2,Sulfate,TRUE,,,,,,,,,
PM4A,Sulfur,F3,6,3,Thiosulfate,FALSE,,,,,,,,,
PM4A,Sulfur,F4,6,4,Tetrathionate,TRUE,,,,,,,,,
PM4A,Sulfur,F5,6,5,Thiophosphate,TRUE,,,,,,,,,
PM4A,Sulfur,F6,6,6,Dithiophosphate,TRUE,,,,,,,,,
PM4A,Sulfur,F7,6,7,L-Cysteine,TRUE,,,,,,,,,
PM4A,Sulfur,F8,6,8,D-Cysteine,TRUE,,,,,,,,,
PM4A,Sulfur,F9,6,9,L-CysteinylGlycine,TRUE,,,,,,,,,
PM4A,Sulfur,F10,6,10,L-Cysteic Acid,TRUE,,,,,,,,,
PM4A,Sulfur,F11,6,11,Cysteamine,FALSE,,,,,,,,,
PM4A,Sulfur,F12,6,12,L-Cysteine Sulfinic Acid,TRUE,,,,,,,,,
PM4A,Sulfur,G1,7,1,N-Acetyl-LCysteine,FALSE,,,,,,,,,
PM4A,Sulfur,G2,7,2,S-Methyl-LCysteine,TRUE,,,,,,,,,
PM4A,Sulfur,G3,7,3,Cystathionine,TRUE,,,,,,,,,
PM4A,Sulfur,G4,7,4,Lanthionine,TRUE,,,,,,,,,
PM4A,Sulfur,G5,7,5,Glutathione,TRUE,,,,,,,,,
PM4A,Sulfur,G6,7,6,"D,L-Ethionine",TRUE,,,,,,,,,
PM4A,Sulfur,G7,7,7,L-Methionine,TRUE,,,,,,,,,
PM4A,Sulfur,G8,7,8,D-Methionine,TRUE,,,,,,,,,
PM4A,Sulfur,G9,7,9,Glycyl-LMethionine,TRUE,,,,,,,,,
PM4A,Sulfur,G10,7,10,"N-Acetyl-D,LMethionine",TRUE,,,,,,,,,
PM4A,Sulfur,G11,7,11,L- Methionine Sulfoxide,TRUE,,,,,,,,,
PM4A,Sulfur,G12,7,12,L-Methionine Sulfone,FALSE,,,,,,,,,
PM4A,Sulfur,H1,8,1,L-Djenkolic Acid,FALSE,,,,,,,,,
PM4A,Sulfur,H2,8,2,Thiourea,FALSE,,,,,,,,,
PM4A,Sulfur,H3,8,3,1-Thio-b-DGlucose,FALSE,,,,,,,,,
PM4A,Sulfur,H4,8,4,"D,L-Lipoamide",FALSE,,,,,,,,,
PM4A,Sulfur,H5,8,5,Taurocholic Acid,FALSE,,,,,,,,,
PM4A,Sulfur,H6,8,6,Taurine,FALSE,,,,,,,,,
PM4A,Sulfur,H7,8,7,Hypotaurine,FALSE,,,,,,,,,
PM4A,Sulfur,H8,8,8,p-Amino Benzene Sulfonic Acid,TRUE,,,,,,,,,
PM4A,Sulfur,H9,8,9,Butane Sulfonic Acid,TRUE,,,,,,,,,
PM4A,Sulfur,H10,8,10,2-Hydroxyethane Sulfonic Acid,FALSE,,,,,,,,,
PM4A,Sulfur,H11,8,11,Methane Sulfonic Acid,FALSE,,,,,,,,,
PM4A,Sulfur,H12,8,12,Tetramethylene Sulfone,FALSE,,,,,,,,,